path,sha256
phase4/frozen_bundle_v2/cryptographic_lock_manifest.json,4a5ed03c2a7bee2b8ef985fcb67ccaeaeb7d85d10cee21afec3ff88a3cc274d
phase4_5/validation/remediation_v2/phase45_corrected_final_go_no_go.md,5ecf56d88671a45472ec53aac693f2fc53dfb2dffee64ed8b06dabd9206f5cec
phase4/frozen_bundle_v2/queue_schema.json,ba3d55d305a9465eee34630b3c7e5994878459d8bb98f01a54658fc91b1a0d10
client/phase3_grader.py,b8eaebec6395712a92fcd2421f34d6dd7c5013e8ac0003e769e4ae174c20569f
phase5/grading/tid.py,2891b85548e4025440cd07981b9c294cc3c65fb6b78371c4b116fe0076d7a102
phase5/configs/upstream_artifact_registry.json,REPLACE_WITH_FINAL_HASH
phase4_5/kaggle/requirements.lock.txt,6c16eea4d775facf286f91f509ef0ba7f95bd4a5d63dd7277b1e6723cbb41b68
phase5/kaggle/phase5_runner.ipynb,a518454e1491507fd07067ecfdf48b406515376a99abb6e679f4a47ebadd8d2f
phase5/cli.py,4bbee6e2a5132b29e56b30969ea7add25acd34aef012285416625e8e1c39e3a5
phase5/__main__.py,6c7ba7553b09387dd9b88114cdcaa02dc1315ec29a7652e294d613c5dfcb886e
phase5/manifests/batch_partition_manifest.json,e8ad89556e6eb24e7e3c0ff8267ee1234e01cd81cb0f113d74571cbc386ad7e6
