file_path,sha256_hash
phase4/configs/README.md,f049eee751a9eca653fb7d446f2a28d062f30c70a33c3d58af2867c129b87bd6
phase4/configs/defense_config_freeze.yaml,5934137bd5e741b1ce700879691040d215648b409316c3cf09bc559b098d47a8
phase4/configs/model_1_freeze.yaml,6bb3e095cf1aae4ba2961c35efdf05d94d615e7abd246f6b5e95b00c51dc0412
phase4/configs/model_2_freeze.yaml,8a3299dd860f55b7c3bdcd46387b5da1a22ce701a019f1312bba6e4ba12811d5
phase4/configs/model_3_freeze.yaml,20b81a8645700b86f0984e91d887711689b0bd0cc7a919f02d0f4cd72834e2e6
phase4/configs/model_4_freeze.yaml,d300af9ce961a4b839dd073434cfdd15291e27d6f37c71fee58e05343992715c
phase4/configs/model_set_freeze.yaml,686c112ebfc8e7790098b26454504edd385ee6a21ab41d636949afb7f1a05d0d
phase4/configs/payload_reference_map.json,0bcd7301edcfc372bf66723391c05a0af6ec4f5ee0da981304552a31056c7b37
phase4/configs/phase4_global_freeze.yaml,2edf49bf777e1cc5d3bfbc34aff5b06fcfe07f9f077c050553cf30d842cf8467
phase4/configs/phase5_schema_freeze.json,b26ae0025cca7a64a5578af7f63afdd30498116d2b7b7a0ef9fb558b8b8a05ed
phase4/configs/statistical_plan.yaml,96161dd17f00bd76534f3f70842775e303e926319ff59406c4ef06108df404ec
phase4/frozen_bundle/README.md,a511bc895298f6c9e6647cfdcbdc5329b236f234a8c8470cf68d64462782f354
phase4/frozen_bundle/phase5_execution_manifest.json,150a91281d92571b31e45d9e1797f76f107ddcf8a0565d7ef1bd853c0f147b64
phase4/frozen_bundle/trial_order_core.csv,322369477f4a2d080092995bd7fd800bc2107cb506eb530f156fdbc31a4a7208
phase4/frozen_bundle/trial_order_defense.csv,cd483dcece127f48ff911239dfc1ee68c2696aaaec384a495c617d76cb53d182
phase4/frozen_bundle/trial_order_utility.csv,66f088402c2a494a12fadd542477c6f1463583508e492217816e9fca15f79de7
